pValue,chr,pos
7.44535753789151e-07,1,29068064
7.44535753789151e-07,1,29074580
7.44535753789151e-07,1,29130442
7.44535753789151e-07,1,29130748
7.44535753789151e-07,1,29168887
7.44535753789151e-07,1,29171572
7.44535753789151e-07,1,29171661
7.44535753789151e-07,1,29173530
7.44535753789151e-07,1,29175834
7.44535753789151e-07,1,29176925
7.44535753789151e-07,1,29177038
2.47781488930403e-07,2,634422
2.47781488930403e-07,2,638040
9.76620225430427e-07,3,1873019
7.44535753789151e-07,4,2819368
9.76620225430427e-07,4,18232525
6.28958980435745e-07,5,22439344
